{
    "name": "example",
    "desc": "description of your app",
    "version": "0.0.0",
    "type": "kissy-cake",
    "type-url": "http://abc.f2e.taobao.net/spec/kissy-cake",
    "author": {
        "name": "phxsuns",
        "email": "xuhao.sunxuh@alibaba-inc.com"
    },
    "repository": {
        "type": "git",
        "url": "git@gitlab.alibaba-inc.com:ebook/example.git",
        "publish": "http://g.tbcdn.cn/ebook/example"
    },
    "KISSY_version": "1.4.1",
    "_kissy_cake": {
        "groups": {},
        "styleEngine": "css",
        "defaults": {
            "pages": [],
            "widgets": []
        }
    },
    "dependencies": {
    }
}